{
  "levels": [
    {
      "level": 1,
      "maxhp": 15,
      "maxmp": 5,
      "ap": 7,
      "pp": 3,
      "sp": 2,
      "exp": 0
    },
    {
      "level": 2,
      "maxhp": 20,
      "maxmp": 10,
      "ap": 9,
      "pp": 4,
      "sp": 4,
      "exp": 10
    },
    {
      "level": 3,
      "maxhp": 25,
      "maxmp": 15,
      "ap": 11,
      "pp": 5,
      "sp": 6,
      "exp": 25
    },
    {
      "level": 4,
      "maxhp": 30,
      "maxmp": 20,
      "ap": 13,
      "pp": 7,
      "sp": 8,
      "exp": 40
    }
  ]
}