{
  "monsters": [
    {
      "name": "スライム",
      "enemy": 1,
      "maxhp": 8,
      "hp": 8,
      "mp": 0,
      "ap": 4,
      "pp": 2,
      "sp": 8,
      "gold": 5,
      "exp": 2,
      "strategy": "ConsoleQuest.strategy.NormalStrategy",
      "area": "alliahan"
    },
    {
      "name": "ドラキー",
      "enemy": 1,
      "maxhp": 10,
      "hp": 10,
      "mp": 0,
      "ap": 5,
      "pp": 3,
      "sp": 10,
      "gold": 7,
      "exp": 3,
      "strategy": "ConsoleQuest.strategy.NormalStrategy",
      "area": "alliahan"
    },
    {
      "name": "おおがらす",
      "enemy": 1,
      "maxhp": 9,
      "hp": 9,
      "mp": 0,
      "ap": 6,
      "pp": 2,
      "sp": 11,
      "gold": 8,
      "exp": 4,
      "strategy": "ConsoleQuest.strategy.SmashAttackStrategy",
      "area": "alliahan"
    },
    {
      "name": "いっかくうさぎ",
      "enemy": 1,
      "maxhp": 11,
      "hp": 11,
      "mp": 0,
      "ap": 7,
      "pp": 4,
      "sp": 10,
      "gold": 10,
      "exp": 6,
      "strategy": "ConsoleQuest.strategy.NormalStrategy",
      "area": "alliahan, rebe"
    },
    {
      "name": "おおありくい",
      "enemy": 1,
      "maxhp": 12,
      "hp": 12,
      "mp": 6,
      "ap": 7,
      "pp": 3,
      "sp": 7,
      "gold": 15,
      "exp": 8,
      "strategy": "ConsoleQuest.strategy.SmashAttackAndHiealStrategy",
      "area": "rebe"
    },
    {
      "name": "フロッガー",
      "enemy": 1,
      "maxhp": 25,
      "hp": 25,
      "mp": 0,
      "ap": 10,
      "pp": 2,
      "sp": 2,
      "gold": 18,
      "exp": 10,
      "strategy": "ConsoleQuest.strategy.NormalStrategy",
      "area": "rebe"
    }
  ]
}